{
  "components": [
    {
      "type": "AppGrid",
      "x": -0.55859375,
      "y": 31.9375,
      "width": 507.44140625,
      "height": 1035.77734375
    },
    {
      "type": "Clock",
      "x": 1785.08984375,
      "y": 1028.453125,
      "width": 120,
      "height": 40
    }
  ]
}